[
  {
    "question": "What is the default value of int in Java?",
    "options": ["0", "null", "undefined", "NaN"],
    "correctOption": 0,
    "category": "Java",
    "difficulty": "easy"
  },
  {
    "question": "Which company originally developed Java?",
    "options": ["Sun Microsystems", "Oracle", "IBM", "Google"],
    "correctOption": 0,
    "category": "Java",
    "difficulty": "easy"
  },
  {
    "question": "Which method is the entry point of a Java program?",
    "options": ["start()", "main()", "run()", "init()"],
    "correctOption": 1,
    "category": "Java",
    "difficulty": "easy"
  },
  {
    "question": "Which of the following is not a Java keyword?",
    "options": ["class", "interface", "goto", "define"],
    "correctOption": 3,
    "category": "Java",
    "difficulty": "easy"
  },
  {
    "question": "Which symbol is used to inherit a class in Java?",
    "options": ["implements", "inherits", "extends", "instanceof"],
    "correctOption": 2,
    "category": "Java",
    "difficulty": "easy"
  },
  {
    "question": "Which exception is thrown when dividing by zero in Java?",
    "options": ["NullPointerException", "ArithmeticException", "IOException", "DivideByZeroError"],
    "correctOption": 1,
    "category": "Java",
    "difficulty": "medium"
  },
  {
    "question": "Which keyword is used to define a subclass in Java?",
    "options": ["this", "super", "extends", "class"],
    "correctOption": 2,
    "category": "Java",
    "difficulty": "medium"
  },
  {
    "question": "Which access modifier makes a variable visible only within its class?",
    "options": ["private", "public", "protected", "default"],
    "correctOption": 0,
    "category": "Java",
    "difficulty": "medium"
  },
  {
    "question": "Which class is the parent of all Java classes?",
    "options": ["Object", "Class", "Main", "Super"],
    "correctOption": 0,
    "category": "Java",
    "difficulty": "medium"
  },
  {
    "question": "Which method is used to start a thread in Java?",
    "options": ["run()", "start()", "init()", "execute()"],
    "correctOption": 1,
    "category": "Java",
    "difficulty": "medium"
  },
  {
    "question": "Which of the following is not a Java feature?",
    "options": ["Object-Oriented", "Platform Independent", "Use of pointers", "Robust"],
    "correctOption": 2,
    "category": "Java",
    "difficulty": "hard"
  },
  {
    "question": "What is the size of int in Java?",
    "options": ["2 bytes", "4 bytes", "8 bytes", "Depends on OS"],
    "correctOption": 1,
    "category": "Java",
    "difficulty": "hard"
  },
  {
    "question": "Which data structure is used in Java for key-value pairs?",
    "options": ["ArrayList", "HashMap", "HashSet", "Vector"],
    "correctOption": 1,
    "category": "Java",
    "difficulty": "hard"
  },
  {
    "question": "What is JVM responsible for?",
    "options": ["Compiling Java Code", "Executing Bytecode", "Generating Source Code", "Managing Memory Only"],
    "correctOption": 1,
    "category": "Java",
    "difficulty": "hard"
  },
  {
    "question": "Which type of polymorphism is resolved at compile time?",
    "options": ["Method Overriding", "Method Overloading", "Dynamic Binding", "Late Binding"],
    "correctOption": 1,
    "category": "Java",
    "difficulty": "hard"
  }
]
